timestamp,order_id,client_id,quantity,price,symbol,side
1748000000,1,48,59,104.87,BBDC4,B
1748000001,2,14,33,187.02,BBDC4,A
1748000002,3,52,38,40.87,PETR4,A
1748000003,4,58,48,183.74,ITUB4,B
1748000004,5,7,20,13.07,ITUB4,A
1748000005,6,71,80,68.09,ABEV3,B
1748000006,7,83,69,166.31,BBDC4,A
1748000007,8,39,46,97.56,PETR4,B
1748000008,9,6,74,76.29,PETR4,B
1748000009,10,85,5,168.42,BBDC4,B
1748000010,11,80,67,38.62,ABEV3,B
1748000011,12,99,36,179.48,VALE3,B
1748000012,13,74,100,49.85,VALE3,A
1748000013,14,42,39,119.33,BBDC4,A
1748000014,15,63,43,152.71,ABEV3,A
1748000015,16,54,18,126.02,PETR4,B
1748000016,17,8,3,193.82,ABEV3,A
1748000017,18,24,48,147.25,ITUB4,B
1748000018,19,48,10,140.9,PETR4,A
1748000019,20,47,46,39.43,VALE3,B
1748000020,21,5,92,177.65,PETR4,B
1748000021,22,9,74,128.72,VALE3,B
1748000022,23,55,47,152.3,ABEV3,A
1748000023,24,46,41,142.51,BBDC4,A
1748000024,25,79,93,130.91,ABEV3,A
1748000025,26,77,54,131.45,VALE3,A
1748000026,27,24,77,178.97,ABEV3,B
1748000027,28,71,73,14.54,ITUB4,B
1748000028,29,41,9,187.43,BBDC4,A
1748000029,30,85,49,116.78,ABEV3,B
1748000030,31,11,13,103.47,ABEV3,A
1748000031,32,27,72,90.87,ABEV3,B
1748000032,33,87,99,71.53,ITUB4,A
1748000033,34,37,14,36.21,VALE3,A
1748000034,35,62,33,148.38,ITUB4,B
1748000035,36,5,28,127.57,PETR4,A
1748000036,37,37,72,101.14,PETR4,A
1748000037,38,35,97,100.19,BBDC4,B
1748000038,39,86,79,145.92,VALE3,B
1748000039,40,69,42,13.4,VALE3,A
1748000040,41,50,-5,0.0,ITUB4,B
1748000041,42,8,19,132.07,VALE3,B
1748000042,43,50,93,146.65,PETR4,A
1748000043,44,70,45,166.22,BBDC4,B
1748000044,45,66,17,161.44,BBDC4,B
1748000045,46,72,1,196.37,BBDC4,A
1748000046,47,88,35,100.68,ITUB4,B
1748000047,48,56,13,100.34,VALE3,B
1748000048,49,57,44,190.84,PETR4,B
1748000049,50,70,6,127.21,ABEV3,B
1748000050,51,23,83,180.45,BBDC4,A
1748000051,52,84,-5,-1.0,BBDC4,A
1748000052,53,49,18,27.34,VALE3,B
1748000053,54,53,71,198.57,VALE3,A
1748000054,55,69,3,165.11,ITUB4,B
1748000055,56,32,24,151.94,PETR4,A
1748000056,57,30,42,125.28,VALE3,A
1748000057,58,8,34,125.26,VALE3,B
1748000058,59,99,2,69.64,PETR4,B
1748000059,60,25,6,60.83,BBDC4,A
1748000060,61,17,52,127.76,BBDC4,A
1748000061,62,38,19,151.9,BBDC4,B
1748000062,63,19,100,99.04,PETR4,B
1748000063,64,50,82,17.2,ITUB4,A
1748000064,65,81,5,168.53,ITUB4,B
1748000065,66,88,92,103.45,BBDC4,A
1748000066,67,53,44,79.29,BBDC4,A
1748000067,68,90,41,183.67,PETR4,B
1748000068,69,44,45,169.65,ITUB4,A
1748000069,70,61,37,145.43,ITUB4,A
1748000070,71,59,4,112.43,PETR4,B
1748000071,72,47,17,39.63,BBDC4,A
1748000072,73,17,25,111.72,PETR4,B
1748000073,74,16,79,72.43,ABEV3,B
1748000074,75,15,12,170.25,BBDC4,B
1748000075,76,61,18,112.31,ABEV3,A
1748000076,77,16,25,171.89,BBDC4,B
1748000077,78,55,61,172.61,PETR4,A
1748000078,79,68,61,127.79,VALE3,A
1748000079,80,100,15,182.08,ITUB4,A
1748000080,81,79,35,86.27,VALE3,B
1748000081,82,25,2,17.09,PETR4,B
1748000082,83,80,2,48.58,ABEV3,A
1748000083,84,39,33,124.09,VALE3,B
1748000084,85,15,98,63.27,ITUB4,A
1748000085,86,6,57,121.28,BBDC4,B
1748000086,87,6,47,30.82,ITUB4,B
1748000087,88,6,73,157.46,ITUB4,A
1748000088,89,83,51,185.01,ABEV3,B
1748000089,90,17,30,53.67,ITUB4,B
1748000090,91,14,4,44.16,BBDC4,A
1748000091,92,37,92,125.24,VALE3,B
1748000092,93,17,66,65.24,VALE3,A
1748000093,94,9,95,167.43,ABEV3,B
1748000094,95,99,88,53.15,ITUB4,B
1748000095,96,71,79,128.68,BBDC4,B
1748000096,97,49,96,85.69,PETR4,A
1748000097,98,97,10,70.92,PETR4,A
1748000098,99,99,81,193.21,VALE3,B
1748000099,100,94,58,128.71,ITUB4,A
1748000100,101,12,45,103.79,BBDC4,B
1748000101,102,73,0,0.0,ITUB4,B
1748000102,103,27,3,15.38,PETR4,B
1748000103,104,84,93,60.43,PETR4,B
1748000104,105,100,54,154.83,ITUB4,B
1748000105,106,92,61,149.82,PETR4,B
1748000106,107,41,71,30.76,ITUB4,B
1748000107,108,75,33,120.06,BBDC4,B
1748000108,109,93,70,89.54,ABEV3,B
1748000109,110,37,67,38.16,ABEV3,A
1748000110,111,79,75,156.28,ITUB4,A
1748000111,112,100,61,39.0,ITUB4,A
1748000112,113,76,27,34.45,PETR4,B
1748000113,114,100,71,24.37,ABEV3,A
1748000114,115,97,31,39.63,PETR4,B
1748000115,116,49,81,66.17,ABEV3,A
1748000116,117,62,10,134.87,ABEV3,A
1748000117,118,69,84,80.34,VALE3,B
1748000118,119,61,57,89.46,VALE3,A
1748000119,120,4,65,196.96,BBDC4,B
1748000120,121,75,8,46.23,ITUB4,A
1748000121,122,53,0,0.0,BBDC4,A
1748000122,123,16,1,182.46,VALE3,B
1748000123,124,28,60,191.29,ITUB4,A
1748000124,125,84,1,35.8,BBDC4,B
1748000125,126,86,58,66.0,ABEV3,A
1748000126,127,77,13,93.14,BBDC4,B
1748000127,128,8,92,104.35,ITUB4,B
1748000128,129,48,88,28.6,VALE3,B
1748000129,130,89,85,149.38,ITUB4,A
1748000130,131,28,58,59.5,ABEV3,B
1748000131,132,99,34,44.72,PETR4,A
1748000132,133,51,43,63.0,BBDC4,B
1748000133,134,17,74,21.85,PETR4,B
1748000134,135,34,18,35.53,ABEV3,A
1748000135,136,57,97,118.61,PETR4,B
1748000136,137,68,0,0.0,VALE3,B
1748000137,138,34,0,0.0,ABEV3,B
1748000138,139,62,79,102.03,ITUB4,A
1748000139,140,65,81,154.35,VALE3,A
1748000140,141,82,47,44.66,ABEV3,B
1748000141,142,29,94,121.08,ABEV3,B
1748000142,143,99,61,100.02,ITUB4,A
1748000143,144,35,39,13.88,VALE3,A
1748000144,145,42,19,88.82,VALE3,A
1748000145,146,9,13,24.82,ITUB4,A
1748000146,147,34,88,51.16,ITUB4,B
1748000147,148,76,72,146.86,BBDC4,A
1748000148,149,10,14,122.86,VALE3,A
1748000149,150,96,6,174.09,PETR4,A
1748000150,151,53,70,38.46,ABEV3,A
1748000151,152,52,-5,-1.0,BBDC4,A
1748000152,153,85,21,84.19,ABEV3,A
1748000153,154,24,71,60.15,VALE3,A
1748000154,155,3,-5,0.0,ITUB4,B
1748000155,156,9,87,134.78,VALE3,B
1748000156,157,37,49,84.79,PETR4,B
1748000157,158,17,34,165.76,PETR4,A
1748000158,159,58,97,197.5,ABEV3,B
1748000159,160,10,100,98.74,BBDC4,A
1748000160,161,100,45,91.54,ABEV3,B
1748000161,162,45,48,49.13,VALE3,A
1748000162,163,19,81,171.21,ABEV3,A
1748000163,164,77,24,17.02,ABEV3,A
1748000164,165,62,99,48.92,ITUB4,A
1748000165,166,56,25,125.65,VALE3,A
1748000166,167,60,54,170.59,PETR4,B
1748000167,168,44,80,77.26,BBDC4,B
1748000168,169,28,-5,-1.0,VALE3,B
1748000169,170,11,84,19.19,ITUB4,A
1748000170,171,16,12,94.94,PETR4,A
1748000171,172,5,91,49.58,ABEV3,A
1748000172,173,25,15,138.52,VALE3,B
1748000173,174,4,7,181.26,ABEV3,A
1748000174,175,9,81,122.62,ITUB4,A
1748000175,176,45,100,141.35,VALE3,B
1748000176,177,71,96,96.22,ITUB4,B
1748000177,178,66,58,124.43,BBDC4,A
1748000178,179,66,36,111.51,ABEV3,A
1748000179,180,96,67,20.95,PETR4,B
1748000180,181,81,13,181.94,ITUB4,A
1748000181,182,42,17,147.14,BBDC4,B
1748000182,183,88,4,47.05,ABEV3,B
1748000183,184,14,67,126.28,BBDC4,A
1748000184,185,89,32,173.91,ITUB4,B
1748000185,186,57,-5,0.0,ITUB4,A
1748000186,187,36,69,19.52,PETR4,A
1748000187,188,24,22,167.69,BBDC4,B
1748000188,189,54,50,194.78,VALE3,A
1748000189,190,32,53,88.11,PETR4,B
1748000190,191,2,65,68.91,ABEV3,B
1748000191,192,17,81,148.48,VALE3,B
1748000192,193,95,79,49.89,BBDC4,A
1748000193,194,21,82,37.19,BBDC4,A
1748000194,195,27,13,181.21,ABEV3,A
1748000195,196,77,11,106.07,VALE3,A
1748000196,197,6,15,49.72,ITUB4,B
1748000197,198,54,98,139.15,VALE3,A
1748000198,199,17,7,111.58,ITUB4,A
1748000199,200,77,38,79.91,ITUB4,B
1748000200,201,29,28,98.26,PETR4,B
1748000201,202,55,93,126.71,BBDC4,A
1748000202,203,4,95,55.28,PETR4,A
1748000203,204,97,29,22.85,BBDC4,A
1748000204,205,87,13,18.07,PETR4,A
1748000205,206,73,44,190.45,VALE3,A
1748000206,207,44,99,60.36,PETR4,A
1748000207,208,53,60,101.67,BBDC4,B
1748000208,209,99,8,167.89,ABEV3,B
1748000209,210,68,42,114.09,PETR4,A
1748000210,211,56,97,124.81,ITUB4,A
1748000211,212,100,15,43.11,VALE3,A
1748000212,213,57,44,32.71,ITUB4,A
1748000213,214,33,43,198.22,ABEV3,B
1748000214,215,89,94,39.99,BBDC4,B
1748000215,216,60,42,125.4,BBDC4,A
1748000216,217,14,57,71.63,PETR4,A
1748000217,218,27,23,143.36,PETR4,B
1748000218,219,3,9,110.2,VALE3,A
1748000219,220,17,91,182.46,PETR4,A
1748000220,221,49,31,111.6,ITUB4,B
1748000221,222,100,43,191.71,ITUB4,A
1748000222,223,49,1,87.42,ITUB4,A
1748000223,224,88,88,71.26,BBDC4,B
1748000224,225,23,93,171.84,PETR4,B
1748000225,226,95,47,90.0,ABEV3,B
1748000226,227,45,83,55.05,ABEV3,B
1748000227,228,34,57,189.32,ITUB4,A
1748000228,229,70,23,31.2,BBDC4,A
1748000229,230,6,35,79.7,BBDC4,B
1748000230,231,50,4,146.72,ITUB4,B
1748000231,232,16,60,149.15,BBDC4,A
1748000232,233,59,13,169.41,ITUB4,A
1748000233,234,2,48,150.37,ITUB4,A
1748000234,235,65,51,63.05,PETR4,B
1748000235,236,53,91,185.25,ITUB4,B
1748000236,237,28,21,149.45,ITUB4,A
1748000237,238,59,13,39.15,VALE3,A
1748000238,239,22,67,90.98,ITUB4,B
1748000239,240,76,57,172.81,VALE3,B
1748000240,241,17,92,99.46,ITUB4,A
1748000241,242,47,70,187.29,ABEV3,B
1748000242,243,97,95,83.61,BBDC4,B
1748000243,244,55,34,108.44,VALE3,B
1748000244,245,13,54,24.56,VALE3,A
1748000245,246,51,80,134.98,ITUB4,A
1748000246,247,48,64,32.68,ITUB4,A
1748000247,248,45,68,126.56,ITUB4,B
1748000248,249,99,6,117.37,PETR4,A
1748000249,250,24,96,46.38,ITUB4,A
1748000250,251,12,19,109.78,BBDC4,A
1748000251,252,58,92,48.65,PETR4,A
1748000252,253,6,8,187.0,PETR4,A
1748000253,254,33,23,11.41,ITUB4,A
1748000254,255,52,28,98.5,ABEV3,A
1748000255,256,62,40,160.66,VALE3,B
1748000256,257,93,44,116.75,ABEV3,B
1748000257,258,36,43,182.74,BBDC4,B
1748000258,259,59,95,89.8,PETR4,B
1748000259,260,37,83,10.03,VALE3,B
1748000260,261,90,-5,-1.0,BBDC4,A
1748000261,262,7,84,70.22,VALE3,A
1748000262,263,74,58,96.2,BBDC4,A
1748000263,264,44,45,69.21,VALE3,B
1748000264,265,55,2,99.02,PETR4,A
1748000265,266,41,98,170.55,ABEV3,B
1748000266,267,17,81,15.28,VALE3,A
1748000267,268,95,61,133.27,PETR4,B
1748000268,269,51,37,125.24,VALE3,A
1748000269,270,48,97,196.44,PETR4,B
1748000270,271,41,56,57.24,VALE3,A
1748000271,272,43,13,15.44,PETR4,A
1748000272,273,90,98,52.23,ITUB4,A
1748000273,274,85,57,63.03,ABEV3,A
1748000274,275,53,77,41.51,ABEV3,B
1748000275,276,3,43,169.49,PETR4,B
1748000276,277,76,59,90.41,ABEV3,A
1748000277,278,54,-5,-1.0,ITUB4,B
1748000278,279,85,5,69.74,ABEV3,A
1748000279,280,43,71,92.09,ITUB4,A
1748000280,281,54,42,162.28,PETR4,B
1748000281,282,29,77,61.51,PETR4,A
1748000282,283,1,40,91.58,ITUB4,B
1748000283,284,30,91,190.15,BBDC4,A
1748000284,285,80,18,178.28,ITUB4,B
1748000285,286,89,53,105.53,VALE3,A
1748000286,287,52,33,65.3,VALE3,B
1748000287,288,51,90,80.68,ITUB4,B
1748000288,289,23,22,128.68,BBDC4,B
1748000289,290,82,84,108.09,VALE3,A
1748000290,291,67,11,149.07,ITUB4,B
1748000291,292,66,0,-1.0,ITUB4,A
1748000292,293,30,84,109.33,ITUB4,B
1748000293,294,43,14,76.94,ITUB4,A
1748000294,295,48,17,39.31,VALE3,B
1748000295,296,97,83,70.96,VALE3,B
1748000296,297,87,83,91.04,BBDC4,B
1748000297,298,62,49,185.64,BBDC4,A
1748000298,299,15,0,0.0,ITUB4,B
1748000299,300,69,37,111.98,PETR4,A
1748000300,301,72,47,86.29,BBDC4,A
1748000301,302,5,20,81.4,ITUB4,A
1748000302,303,9,90,60.23,ITUB4,A
1748000303,304,66,18,33.13,ABEV3,B
1748000304,305,97,18,183.13,BBDC4,B
1748000305,306,13,78,104.75,ABEV3,A
1748000306,307,76,22,181.92,ITUB4,A
1748000307,308,87,89,24.8,BBDC4,A
1748000308,309,13,76,153.4,ABEV3,A
1748000309,310,15,41,83.5,ABEV3,A
1748000310,311,74,95,80.92,ITUB4,A
1748000311,312,23,50,164.58,PETR4,B
1748000312,313,73,81,90.64,BBDC4,A
1748000313,314,30,0,0.0,BBDC4,A
1748000314,315,52,31,160.29,ITUB4,B
1748000315,316,66,18,26.64,ABEV3,B
1748000316,317,99,17,101.87,ABEV3,A
1748000317,318,78,40,94.61,ABEV3,B
1748000318,319,37,90,99.3,VALE3,B
1748000319,320,50,33,34.8,PETR4,A
1748000320,321,98,28,77.1,BBDC4,A
1748000321,322,41,61,14.06,ITUB4,A
1748000322,323,21,0,-1.0,ITUB4,B
1748000323,324,83,-5,-1.0,PETR4,A
1748000324,325,90,61,141.44,ITUB4,B
1748000325,326,4,-5,-1.0,BBDC4,A
1748000326,327,87,39,137.04,BBDC4,A
1748000327,328,91,24,73.62,PETR4,B
1748000328,329,40,58,127.51,PETR4,A
1748000329,330,48,47,64.57,PETR4,B
1748000330,331,40,85,20.89,ABEV3,A
1748000331,332,21,14,14.13,PETR4,A
1748000332,333,78,65,189.31,ITUB4,B
1748000333,334,25,92,126.98,VALE3,B
1748000334,335,63,48,195.45,PETR4,B
1748000335,336,83,91,61.91,PETR4,B
1748000336,337,55,30,187.65,PETR4,A
1748000337,338,18,31,17.87,VALE3,A
1748000338,339,87,42,90.48,ITUB4,A
1748000339,340,65,41,44.25,ITUB4,B
1748000340,341,2,30,147.71,VALE3,B
1748000341,342,68,25,81.38,VALE3,B
1748000342,343,77,41,44.42,PETR4,B
1748000343,344,48,9,126.09,BBDC4,A
1748000344,345,50,54,98.12,PETR4,A
1748000345,346,48,9,191.61,BBDC4,B
1748000346,347,25,91,170.96,BBDC4,A
1748000347,348,58,93,61.36,BBDC4,A
1748000348,349,49,53,82.89,PETR4,B
1748000349,350,40,92,16.43,PETR4,A
1748000350,351,5,26,149.09,PETR4,A
1748000351,352,44,17,161.19,PETR4,B
1748000352,353,14,90,99.99,PETR4,A
1748000353,354,98,85,88.37,VALE3,B
1748000354,355,57,59,128.37,BBDC4,B
1748000355,356,43,86,100.2,ITUB4,B
1748000356,357,98,90,179.08,ABEV3,B
1748000357,358,12,11,67.06,ITUB4,B
1748000358,359,92,57,77.6,ABEV3,A
1748000359,360,33,31,90.86,ABEV3,A
1748000360,361,41,87,18.28,ABEV3,A
1748000361,362,18,0,0.0,PETR4,A
1748000362,363,31,81,120.57,ABEV3,B
1748000363,364,74,78,179.85,ITUB4,B
1748000364,365,24,0,0.0,VALE3,A
1748000365,366,54,9,22.94,ITUB4,B
1748000366,367,77,71,108.72,ABEV3,A
1748000367,368,62,54,143.47,VALE3,A
1748000368,369,15,36,17.37,VALE3,A
1748000369,370,7,6,190.03,ITUB4,B
1748000370,371,45,54,192.36,VALE3,B
1748000371,372,19,89,12.06,ABEV3,B
1748000372,373,33,73,154.5,ABEV3,B
1748000373,374,94,59,158.05,BBDC4,B
1748000374,375,94,32,180.42,ITUB4,A
1748000375,376,96,57,95.59,ITUB4,A
1748000376,377,58,13,46.28,ABEV3,B
1748000377,378,10,38,110.62,ABEV3,A
1748000378,379,88,38,141.84,VALE3,A
1748000379,380,61,8,87.12,BBDC4,A
1748000380,381,32,75,98.45,ABEV3,A
1748000381,382,100,57,55.83,ITUB4,A
1748000382,383,20,40,140.59,BBDC4,A
1748000383,384,85,-5,0.0,ABEV3,A
1748000384,385,88,1,52.21,VALE3,A
1748000385,386,23,17,172.63,PETR4,A
1748000386,387,99,54,120.18,PETR4,B
1748000387,388,91,4,58.96,ITUB4,A
1748000388,389,35,35,107.81,PETR4,A
1748000389,390,96,37,73.34,PETR4,B
1748000390,391,83,64,12.18,PETR4,B
1748000391,392,95,19,130.44,VALE3,B
1748000392,393,45,92,76.11,ABEV3,B
1748000393,394,54,72,140.88,VALE3,A
1748000394,395,65,10,182.38,PETR4,A
1748000395,396,72,1,65.01,ITUB4,B
1748000396,397,90,58,180.92,ABEV3,A
1748000397,398,3,-5,0.0,ABEV3,A
1748000398,399,88,84,43.87,ITUB4,A
1748000399,400,8,57,78.85,PETR4,B
1748000400,401,71,40,92.45,ITUB4,B
1748000401,402,52,47,63.29,BBDC4,B
1748000402,403,3,69,199.05,PETR4,B
1748000403,404,36,59,30.42,BBDC4,A
1748000404,405,50,30,35.07,ABEV3,B
1748000405,406,96,10,60.43,ABEV3,A
1748000406,407,4,73,80.85,ITUB4,A
1748000407,408,18,0,-1.0,PETR4,B
1748000408,409,19,20,76.97,PETR4,B
1748000409,410,7,6,183.2,BBDC4,A
1748000410,411,12,1,71.65,ABEV3,B
1748000411,412,54,98,67.55,ABEV3,B
1748000412,413,51,89,107.37,VALE3,B
1748000413,414,63,52,182.84,ABEV3,B
1748000414,415,31,59,168.45,ITUB4,B
1748000415,416,16,6,81.39,ITUB4,A
1748000416,417,35,87,197.21,PETR4,A
1748000417,418,86,100,74.27,BBDC4,B
1748000418,419,44,40,121.92,VALE3,A
1748000419,420,81,2,87.58,BBDC4,A
1748000420,421,36,14,90.26,ITUB4,B
1748000421,422,66,0,0.0,VALE3,B
1748000422,423,41,56,99.97,ABEV3,B
1748000423,424,60,4,156.86,BBDC4,B
1748000424,425,86,23,141.12,BBDC4,B
1748000425,426,58,65,156.33,VALE3,B
1748000426,427,98,-5,-1.0,PETR4,B
1748000427,428,28,92,192.23,ABEV3,B
1748000428,429,19,68,139.48,VALE3,A
1748000429,430,11,43,11.91,BBDC4,A
1748000430,431,59,40,141.43,VALE3,B
1748000431,432,14,29,52.47,ITUB4,A
1748000432,433,65,26,109.93,BBDC4,A
1748000433,434,58,16,84.28,ABEV3,A
1748000434,435,71,26,107.78,VALE3,A
1748000435,436,40,62,107.61,BBDC4,A
1748000436,437,69,58,62.2,PETR4,B
1748000437,438,16,79,81.59,ABEV3,A
1748000438,439,17,62,75.5,BBDC4,B
1748000439,440,54,95,126.24,BBDC4,B
1748000440,441,98,93,144.19,ITUB4,A
1748000441,442,7,25,57.32,VALE3,B
1748000442,443,70,96,146.59,BBDC4,B
1748000443,444,34,14,88.41,ABEV3,A
1748000444,445,84,60,69.32,VALE3,A
1748000445,446,78,12,193.59,ABEV3,B
1748000446,447,13,72,111.02,VALE3,A
1748000447,448,73,56,81.11,ITUB4,B
1748000448,449,4,4,29.91,VALE3,A
1748000449,450,31,66,143.13,ITUB4,A
1748000450,451,15,35,71.98,PETR4,A
1748000451,452,34,38,121.63,ITUB4,A
1748000452,453,46,2,110.77,ABEV3,B
1748000453,454,47,32,26.83,BBDC4,B
1748000454,455,85,55,56.64,ITUB4,B
1748000455,456,1,81,37.53,ABEV3,A
1748000456,457,98,-5,0.0,ITUB4,A
1748000457,458,22,76,138.23,BBDC4,B
1748000458,459,30,57,43.54,ABEV3,B
1748000459,460,79,70,47.61,VALE3,B
1748000460,461,58,64,120.68,ITUB4,B
1748000461,462,42,-5,-1.0,BBDC4,B
1748000462,463,73,6,110.42,ITUB4,B
1748000463,464,80,37,79.51,BBDC4,A
1748000464,465,71,67,181.48,ABEV3,B
1748000465,466,40,34,168.58,ABEV3,B
1748000466,467,99,-5,0.0,PETR4,A
1748000467,468,12,76,195.19,VALE3,B
1748000468,469,9,28,78.25,ABEV3,B
1748000469,470,7,91,39.36,ITUB4,A
1748000470,471,99,-5,0.0,ITUB4,B
1748000471,472,55,0,-1.0,ABEV3,A
1748000472,473,53,20,95.83,BBDC4,B
1748000473,474,81,0,0.0,VALE3,A
1748000474,475,65,32,79.69,ITUB4,B
1748000475,476,20,20,65.75,ABEV3,A
1748000476,477,29,55,168.35,PETR4,A
1748000477,478,29,3,92.22,ITUB4,A
1748000478,479,72,84,156.82,ABEV3,B
1748000479,480,65,13,104.38,PETR4,A
1748000480,481,47,95,94.12,BBDC4,B
1748000481,482,51,62,46.95,ITUB4,A
1748000482,483,59,-5,-1.0,ITUB4,B
1748000483,484,71,80,125.56,ITUB4,A
1748000484,485,85,92,60.98,BBDC4,A
1748000485,486,27,26,80.3,VALE3,B
1748000486,487,23,74,18.42,ITUB4,A
1748000487,488,79,58,62.55,ABEV3,A
1748000488,489,31,92,140.33,VALE3,B
1748000489,490,54,37,69.2,ITUB4,A
1748000490,491,79,100,72.26,VALE3,B
1748000491,492,69,35,198.06,VALE3,A
1748000492,493,42,98,169.18,BBDC4,A
1748000493,494,93,71,166.74,VALE3,B
1748000494,495,43,99,191.2,PETR4,A
1748000495,496,83,-5,0.0,ITUB4,B
1748000496,497,83,47,111.77,ABEV3,B
1748000497,498,73,86,26.25,ITUB4,B
1748000498,499,14,45,55.48,PETR4,B
1748000499,500,19,15,61.61,BBDC4,A
1748000500,501,65,15,68.78,ITUB4,A
1748000501,502,35,51,109.98,VALE3,B
1748000502,503,34,28,43.56,VALE3,A
1748000503,504,28,18,80.0,ITUB4,A
1748000504,505,55,58,174.83,PETR4,B
1748000505,506,94,61,67.43,VALE3,A
1748000506,507,56,90,171.64,PETR4,A
1748000507,508,63,18,57.82,ABEV3,B
1748000508,509,48,58,149.28,ABEV3,A
1748000509,510,35,55,24.27,VALE3,B
1748000510,511,47,61,34.63,BBDC4,B
1748000511,512,89,68,95.62,ITUB4,A
1748000512,513,78,19,23.59,VALE3,A
1748000513,514,81,50,84.91,ABEV3,B
1748000514,515,36,99,12.53,BBDC4,B
1748000515,516,48,0,0.0,BBDC4,B
1748000516,517,5,65,39.36,ITUB4,B
1748000517,518,43,67,62.23,BBDC4,A
1748000518,519,49,64,81.32,ABEV3,A
1748000519,520,31,-5,-1.0,ITUB4,B
1748000520,521,60,19,136.09,ABEV3,B
1748000521,522,33,56,110.96,VALE3,B
1748000522,523,30,40,12.55,VALE3,B
1748000523,524,79,38,20.01,PETR4,A
1748000524,525,41,74,120.77,VALE3,A
1748000525,526,81,42,105.86,PETR4,A
1748000526,527,21,33,118.12,VALE3,B
1748000527,528,80,-5,-1.0,ABEV3,B
1748000528,529,23,65,64.8,PETR4,B
1748000529,530,53,30,123.56,VALE3,A
1748000530,531,88,54,179.13,BBDC4,B
1748000531,532,53,51,166.08,ABEV3,B
1748000532,533,95,24,109.57,ABEV3,A
1748000533,534,93,58,57.04,VALE3,B
1748000534,535,66,72,33.95,PETR4,B
1748000535,536,12,-5,-1.0,BBDC4,B
1748000536,537,88,88,99.86,VALE3,B
1748000537,538,60,6,134.71,ABEV3,A
1748000538,539,81,87,43.17,ITUB4,B
1748000539,540,69,25,74.21,VALE3,A
1748000540,541,33,37,85.54,ITUB4,B
1748000541,542,18,39,79.77,BBDC4,B
1748000542,543,65,52,109.53,ABEV3,B
1748000543,544,98,98,132.4,ABEV3,A
1748000544,545,85,26,48.9,PETR4,A
1748000545,546,5,78,189.74,ABEV3,B
1748000546,547,78,73,197.06,ITUB4,B
1748000547,548,12,7,32.61,BBDC4,A
1748000548,549,93,30,184.31,PETR4,B
1748000549,550,73,98,132.43,ITUB4,A
1748000550,551,16,54,104.59,PETR4,B
1748000551,552,92,57,83.29,ITUB4,A
1748000552,553,65,37,184.24,BBDC4,A
1748000553,554,20,52,10.77,ABEV3,A
1748000554,555,39,56,181.62,ABEV3,B
1748000555,556,6,68,31.07,VALE3,B
1748000556,557,7,80,13.62,VALE3,B
1748000557,558,53,49,190.75,VALE3,B
1748000558,559,4,4,174.31,ITUB4,A
1748000559,560,28,42,69.51,ABEV3,B
1748000560,561,41,0,-1.0,VALE3,B
1748000561,562,75,99,110.57,ITUB4,A
1748000562,563,66,17,24.99,ABEV3,B
1748000563,564,29,52,90.33,BBDC4,B
1748000564,565,47,92,187.96,PETR4,A
1748000565,566,51,76,50.67,PETR4,A
1748000566,567,82,63,177.93,ABEV3,A
1748000567,568,17,17,159.57,PETR4,A
1748000568,569,80,57,123.28,ABEV3,B
1748000569,570,45,39,66.76,ITUB4,B
1748000570,571,57,68,108.76,ABEV3,B
1748000571,572,73,65,37.38,VALE3,A
1748000572,573,72,68,128.85,PETR4,B
1748000573,574,52,47,162.08,VALE3,B
1748000574,575,16,24,113.57,BBDC4,A
1748000575,576,72,44,185.7,PETR4,A
1748000576,577,92,14,100.52,PETR4,B
1748000577,578,13,85,163.1,VALE3,A
1748000578,579,89,77,165.81,VALE3,B
1748000579,580,16,81,21.0,ITUB4,A
1748000580,581,87,94,131.08,ITUB4,A
1748000581,582,12,73,125.92,VALE3,B
1748000582,583,95,0,0.0,PETR4,A
1748000583,584,47,61,86.77,BBDC4,A
1748000584,585,83,1,102.11,ABEV3,A
1748000585,586,73,76,185.12,BBDC4,B
1748000586,587,4,0,0.0,ITUB4,A
1748000587,588,7,45,191.76,PETR4,B
1748000588,589,27,36,77.27,VALE3,B
1748000589,590,19,55,34.38,BBDC4,A
1748000590,591,24,92,67.34,ABEV3,A
1748000591,592,63,69,38.55,ABEV3,B
1748000592,593,91,60,185.11,BBDC4,B
1748000593,594,58,32,26.3,ABEV3,A
1748000594,595,97,95,136.56,ABEV3,B
1748000595,596,45,41,161.61,VALE3,B
1748000596,597,83,34,174.85,BBDC4,B
1748000597,598,23,85,132.15,ABEV3,A
1748000598,599,52,74,88.26,BBDC4,B
1748000599,600,12,11,43.34,ABEV3,A
1748000600,601,25,78,95.44,VALE3,B
1748000601,602,54,37,10.54,ITUB4,B
1748000602,603,81,64,168.47,ABEV3,B
1748000603,604,46,77,98.61,ITUB4,A
1748000604,605,44,59,135.02,BBDC4,A
1748000605,606,31,31,24.08,ITUB4,A
1748000606,607,67,81,161.75,VALE3,B
1748000607,608,32,88,146.17,ABEV3,A
1748000608,609,49,60,49.97,VALE3,A
1748000609,610,67,8,53.64,ITUB4,B
1748000610,611,61,66,199.38,BBDC4,A
1748000611,612,64,99,119.88,ABEV3,B
1748000612,613,100,20,92.8,BBDC4,B
1748000613,614,69,34,31.67,PETR4,B
1748000614,615,2,47,125.5,VALE3,B
1748000615,616,27,99,173.15,ABEV3,B
1748000616,617,57,67,13.24,BBDC4,B
1748000617,618,60,53,40.35,VALE3,B
1748000618,619,6,84,93.01,VALE3,B
1748000619,620,51,91,54.94,ABEV3,A
1748000620,621,31,1,182.59,VALE3,A
1748000621,622,17,88,137.15,ITUB4,A
1748000622,623,56,37,76.14,VALE3,A
1748000623,624,37,60,53.21,ABEV3,B
1748000624,625,86,38,137.22,VALE3,A
1748000625,626,39,55,24.49,ABEV3,B
1748000626,627,19,30,19.51,VALE3,A
1748000627,628,39,38,146.6,BBDC4,A
1748000628,629,92,30,63.07,ITUB4,A
1748000629,630,17,13,139.87,BBDC4,B
1748000630,631,30,69,117.56,PETR4,A
1748000631,632,67,42,185.24,ABEV3,A
1748000632,633,93,99,34.54,VALE3,B
1748000633,634,61,43,63.96,ITUB4,B
1748000634,635,47,29,78.37,VALE3,A
1748000635,636,77,3,139.72,PETR4,B
1748000636,637,38,7,88.24,ABEV3,B
1748000637,638,84,100,110.9,ITUB4,A
1748000638,639,10,99,159.4,BBDC4,B
1748000639,640,41,8,109.35,PETR4,B
1748000640,641,95,13,25.26,ABEV3,B
1748000641,642,75,61,38.19,BBDC4,B
1748000642,643,88,1,45.51,ITUB4,B
1748000643,644,12,0,-1.0,BBDC4,A
1748000644,645,10,59,87.07,BBDC4,B
1748000645,646,21,87,148.34,ITUB4,B
1748000646,647,73,73,72.18,PETR4,A
1748000647,648,28,93,136.32,VALE3,B
1748000648,649,82,5,151.55,VALE3,B
1748000649,650,88,74,134.13,PETR4,A
1748000650,651,4,25,10.12,VALE3,A
1748000651,652,61,64,60.29,ABEV3,A
1748000652,653,86,50,97.25,ABEV3,A
1748000653,654,17,38,13.41,ITUB4,A
1748000654,655,83,21,141.68,VALE3,A
1748000655,656,74,71,110.49,VALE3,B
1748000656,657,78,52,167.81,BBDC4,A
1748000657,658,93,29,92.96,VALE3,B
1748000658,659,15,58,158.97,ABEV3,B
1748000659,660,26,43,21.03,BBDC4,B
1748000660,661,93,42,39.12,PETR4,B
1748000661,662,29,68,80.36,VALE3,A
1748000662,663,50,93,99.49,PETR4,B
1748000663,664,48,48,39.68,ITUB4,B
1748000664,665,68,51,31.86,ABEV3,B
1748000665,666,78,41,27.55,VALE3,A
1748000666,667,31,76,197.09,BBDC4,A
1748000667,668,36,54,45.06,PETR4,A
1748000668,669,53,4,176.39,BBDC4,A
1748000669,670,19,43,62.57,BBDC4,A
1748000670,671,44,97,155.34,BBDC4,A
1748000671,672,91,3,197.55,ITUB4,A
1748000672,673,52,63,86.86,ABEV3,B
1748000673,674,81,39,94.93,BBDC4,B
1748000674,675,20,60,174.34,BBDC4,B
1748000675,676,72,70,66.28,BBDC4,B
1748000676,677,7,-5,0.0,ABEV3,B
1748000677,678,20,27,37.27,VALE3,B
1748000678,679,83,99,110.17,ITUB4,A
1748000679,680,25,12,144.87,ITUB4,A
1748000680,681,63,78,177.03,BBDC4,A
1748000681,682,46,22,10.41,BBDC4,A
1748000682,683,35,56,156.99,ITUB4,A
1748000683,684,85,77,17.26,VALE3,B
1748000684,685,71,2,103.1,ABEV3,B
1748000685,686,7,95,131.22,BBDC4,A
1748000686,687,81,73,100.77,VALE3,A
1748000687,688,52,79,44.37,PETR4,B
1748000688,689,61,64,159.07,ABEV3,A
1748000689,690,9,92,145.31,BBDC4,A
1748000690,691,6,62,194.41,PETR4,B
1748000691,692,38,79,153.93,ITUB4,A
1748000692,693,99,19,176.95,VALE3,A
1748000693,694,21,-5,0.0,BBDC4,A
1748000694,695,97,99,139.46,VALE3,B
1748000695,696,82,41,121.96,VALE3,A
1748000696,697,21,68,26.35,PETR4,A
1748000697,698,97,33,82.64,ABEV3,B
1748000698,699,39,-5,-1.0,VALE3,B
1748000699,700,16,7,63.71,VALE3,B
1748000700,701,73,91,18.6,ABEV3,A
1748000701,702,95,26,157.62,BBDC4,A
1748000702,703,6,-5,-1.0,ABEV3,A
1748000703,704,71,97,24.73,BBDC4,A
1748000704,705,67,63,107.67,BBDC4,B
1748000705,706,4,38,116.52,BBDC4,B
1748000706,707,75,9,189.39,ABEV3,B
1748000707,708,78,4,142.38,BBDC4,B
1748000708,709,8,49,114.23,ABEV3,B
1748000709,710,13,40,107.94,PETR4,B
1748000710,711,47,75,112.48,VALE3,A
1748000711,712,26,79,105.78,BBDC4,A
1748000712,713,75,46,180.69,ITUB4,B
1748000713,714,20,67,58.77,PETR4,B
1748000714,715,50,20,124.03,BBDC4,A
1748000715,716,23,43,28.19,PETR4,B
1748000716,717,33,74,178.12,PETR4,A
1748000717,718,31,41,190.78,ITUB4,A
1748000718,719,14,5,146.72,VALE3,B
1748000719,720,58,100,114.91,BBDC4,A
1748000720,721,11,98,190.22,ITUB4,A
1748000721,722,8,20,150.92,BBDC4,B
1748000722,723,67,33,61.57,VALE3,A
1748000723,724,28,38,173.7,BBDC4,B
1748000724,725,97,60,156.58,ABEV3,B
1748000725,726,13,64,199.95,VALE3,A
1748000726,727,64,100,59.16,ABEV3,B
1748000727,728,35,31,82.54,BBDC4,B
1748000728,729,88,89,51.44,VALE3,A
1748000729,730,84,65,110.54,VALE3,A
1748000730,731,14,42,142.55,ABEV3,A
1748000731,732,28,39,154.95,ITUB4,B
1748000732,733,33,0,0.0,ITUB4,A
1748000733,734,35,92,13.86,VALE3,B
1748000734,735,82,66,178.26,ABEV3,B
1748000735,736,18,5,80.72,BBDC4,A
1748000736,737,44,39,183.19,ITUB4,B
1748000737,738,64,56,69.53,VALE3,A
1748000738,739,81,55,182.54,VALE3,A
1748000739,740,77,59,141.1,VALE3,A
1748000740,741,92,30,50.18,VALE3,A
1748000741,742,11,56,128.88,PETR4,A
1748000742,743,100,9,79.84,BBDC4,B
1748000743,744,22,80,31.58,VALE3,B
1748000744,745,78,76,110.08,VALE3,B
1748000745,746,14,98,188.86,BBDC4,B
1748000746,747,69,58,191.54,BBDC4,A
1748000747,748,45,80,109.6,VALE3,B
1748000748,749,79,50,133.1,VALE3,B
1748000749,750,89,39,68.21,ITUB4,B
1748000750,751,16,45,42.12,BBDC4,B
1748000751,752,84,66,146.03,ITUB4,A
1748000752,753,77,94,17.37,VALE3,B
1748000753,754,60,67,92.05,ABEV3,A
1748000754,755,70,64,67.4,ITUB4,B
1748000755,756,22,35,120.79,ITUB4,A
1748000756,757,87,60,72.54,VALE3,A
1748000757,758,53,63,191.34,PETR4,B
1748000758,759,58,98,103.7,VALE3,B
1748000759,760,29,71,85.78,PETR4,B
1748000760,761,83,99,176.24,ABEV3,A
1748000761,762,68,64,55.54,VALE3,B
1748000762,763,43,6,42.14,VALE3,A
1748000763,764,74,48,199.55,ITUB4,A
1748000764,765,69,64,178.94,VALE3,B
1748000765,766,38,53,23.49,BBDC4,A
1748000766,767,66,26,50.2,BBDC4,B
1748000767,768,71,57,28.58,VALE3,A
1748000768,769,54,25,22.84,PETR4,A
1748000769,770,16,75,72.34,ABEV3,A
1748000770,771,92,4,22.54,ABEV3,B
1748000771,772,35,51,94.99,BBDC4,A
1748000772,773,15,88,161.02,VALE3,A
1748000773,774,34,68,137.99,ABEV3,A
1748000774,775,4,47,69.59,ITUB4,B
1748000775,776,59,46,13.72,PETR4,A
1748000776,777,69,11,184.92,ITUB4,A
1748000777,778,87,49,38.82,BBDC4,B
1748000778,779,32,78,71.79,VALE3,B
1748000779,780,63,85,173.12,ABEV3,A
1748000780,781,89,58,193.18,BBDC4,A
1748000781,782,62,74,80.72,VALE3,A
1748000782,783,79,58,190.13,ITUB4,A
1748000783,784,85,17,109.76,VALE3,B
1748000784,785,15,37,55.86,PETR4,B
1748000785,786,91,2,96.7,ITUB4,A
1748000786,787,55,96,139.01,BBDC4,A
1748000787,788,31,16,41.7,PETR4,A
1748000788,789,32,16,79.82,ABEV3,A
1748000789,790,46,-5,-1.0,BBDC4,B
1748000790,791,66,-5,0.0,ABEV3,B
1748000791,792,80,64,79.47,VALE3,A
1748000792,793,21,56,110.07,BBDC4,B
1748000793,794,41,71,136.92,ITUB4,B
1748000794,795,38,74,24.59,BBDC4,B
1748000795,796,71,94,100.44,PETR4,B
1748000796,797,88,44,143.97,ABEV3,B
1748000797,798,73,6,172.91,ABEV3,B
1748000798,799,3,12,38.07,PETR4,A
1748000799,800,20,30,100.49,BBDC4,A
1748000800,801,61,23,130.61,ABEV3,B
1748000801,802,94,43,88.54,PETR4,B
1748000802,803,72,-5,-1.0,ABEV3,A
1748000803,804,47,94,142.24,BBDC4,A
1748000804,805,59,87,137.93,ABEV3,A
1748000805,806,70,98,90.33,PETR4,B
1748000806,807,93,95,71.97,BBDC4,A
1748000807,808,87,71,143.18,ABEV3,B
1748000808,809,29,89,171.31,VALE3,B
1748000809,810,33,97,14.44,ABEV3,A
1748000810,811,58,10,27.04,BBDC4,A
1748000811,812,46,46,119.89,PETR4,B
1748000812,813,16,82,71.11,ABEV3,A
1748000813,814,2,87,181.76,BBDC4,A
1748000814,815,68,42,176.52,VALE3,B
1748000815,816,99,1,93.15,VALE3,B
1748000816,817,23,58,155.48,BBDC4,A
1748000817,818,18,3,199.53,PETR4,A
1748000818,819,81,70,101.13,VALE3,A
1748000819,820,81,72,157.15,ABEV3,B
1748000820,821,49,50,161.85,BBDC4,A
1748000821,822,26,89,139.94,PETR4,A
1748000822,823,2,67,106.57,VALE3,A
1748000823,824,55,23,85.53,VALE3,B
1748000824,825,81,31,28.59,ABEV3,B
1748000825,826,51,42,184.11,BBDC4,A
1748000826,827,40,63,185.49,BBDC4,A
1748000827,828,69,72,160.71,VALE3,A
1748000828,829,4,81,15.14,ABEV3,B
1748000829,830,86,11,37.57,PETR4,B
1748000830,831,49,36,196.34,BBDC4,B
1748000831,832,47,93,25.9,VALE3,A
1748000832,833,47,40,97.72,ABEV3,A
1748000833,834,45,46,156.05,VALE3,B
1748000834,835,71,59,32.81,ITUB4,B
1748000835,836,31,25,126.93,PETR4,A
1748000836,837,94,85,80.93,PETR4,B
1748000837,838,77,87,43.73,PETR4,A
1748000838,839,24,72,24.92,PETR4,B
1748000839,840,59,46,57.99,PETR4,B
1748000840,841,60,60,62.28,PETR4,B
1748000841,842,92,22,71.59,PETR4,B
1748000842,843,50,100,45.22,VALE3,A
1748000843,844,15,78,119.83,VALE3,B
1748000844,845,3,6,172.36,BBDC4,B
1748000845,846,56,75,16.87,VALE3,A
1748000846,847,42,87,197.15,ABEV3,A
1748000847,848,66,69,178.36,BBDC4,B
1748000848,849,80,62,165.29,ABEV3,A
1748000849,850,83,30,43.41,VALE3,B
1748000850,851,35,91,20.0,PETR4,B
1748000851,852,1,35,187.08,ABEV3,B
1748000852,853,81,71,132.78,PETR4,B
1748000853,854,60,-5,0.0,ABEV3,A
1748000854,855,73,94,198.96,PETR4,A
1748000855,856,89,50,14.02,VALE3,A
1748000856,857,51,64,92.77,BBDC4,B
1748000857,858,50,43,41.22,VALE3,A
1748000858,859,98,12,145.17,ABEV3,A
1748000859,860,58,3,68.74,BBDC4,B
1748000860,861,39,2,33.51,ITUB4,B
1748000861,862,43,3,118.43,PETR4,B
1748000862,863,56,70,133.15,PETR4,B
1748000863,864,76,70,94.59,PETR4,B
1748000864,865,93,57,113.83,ABEV3,A
1748000865,866,62,53,145.72,ITUB4,A
1748000866,867,91,-5,0.0,ABEV3,B
1748000867,868,56,99,47.58,BBDC4,A
1748000868,869,52,37,85.83,PETR4,B
1748000869,870,57,15,122.69,BBDC4,A
1748000870,871,88,33,73.49,ABEV3,B
1748000871,872,46,91,151.81,PETR4,A
1748000872,873,64,60,62.76,ITUB4,B
1748000873,874,38,17,170.89,PETR4,B
1748000874,875,37,33,187.65,PETR4,A
1748000875,876,32,85,150.28,VALE3,A
1748000876,877,36,64,89.05,ABEV3,B
1748000877,878,88,40,81.73,BBDC4,A
1748000878,879,11,95,62.94,BBDC4,A
1748000879,880,11,18,153.73,VALE3,B
1748000880,881,67,49,27.04,VALE3,B
1748000881,882,51,50,62.8,VALE3,A
1748000882,883,69,87,185.49,PETR4,A
1748000883,884,47,43,75.42,VALE3,B
1748000884,885,32,71,199.61,VALE3,A
1748000885,886,77,71,92.49,PETR4,A
1748000886,887,70,68,82.95,BBDC4,A
1748000887,888,60,43,36.13,BBDC4,A
1748000888,889,94,73,31.5,ABEV3,B
1748000889,890,1,3,191.2,PETR4,B
1748000890,891,99,48,137.67,VALE3,A
1748000891,892,79,79,122.0,PETR4,B
1748000892,893,88,76,79.09,VALE3,A
1748000893,894,31,45,78.47,PETR4,B
1748000894,895,46,70,45.47,VALE3,A
1748000895,896,47,83,179.79,ITUB4,B
1748000896,897,78,6,37.71,BBDC4,A
1748000897,898,41,71,158.78,ITUB4,A
1748000898,899,62,97,194.76,BBDC4,B
1748000899,900,55,55,151.07,BBDC4,B
1748000900,901,66,27,192.15,ABEV3,B
1748000901,902,27,94,25.92,BBDC4,A
1748000902,903,14,93,133.16,PETR4,B
1748000903,904,64,92,51.08,ITUB4,A
1748000904,905,21,100,107.71,BBDC4,B
1748000905,906,29,37,165.05,PETR4,A
1748000906,907,9,98,134.58,ABEV3,A
1748000907,908,7,79,178.56,VALE3,B
1748000908,909,72,56,175.78,ABEV3,B
1748000909,910,82,38,15.46,ITUB4,B
1748000910,911,22,47,195.6,ITUB4,A
1748000911,912,95,65,13.3,ABEV3,B
1748000912,913,83,41,189.12,BBDC4,B
1748000913,914,9,71,194.89,BBDC4,B
1748000914,915,97,17,38.51,VALE3,A
1748000915,916,4,68,158.86,VALE3,A
1748000916,917,68,41,115.23,VALE3,A
1748000917,918,36,59,107.14,BBDC4,B
1748000918,919,18,36,73.44,VALE3,B
1748000919,920,74,70,89.98,ITUB4,B
1748000920,921,58,28,21.57,BBDC4,A
1748000921,922,66,11,166.29,VALE3,A
1748000922,923,59,22,113.75,ABEV3,B
1748000923,924,96,99,105.18,BBDC4,B
1748000924,925,76,32,77.09,ABEV3,A
1748000925,926,8,17,79.27,BBDC4,B
1748000926,927,38,5,155.27,VALE3,A
1748000927,928,10,56,72.99,ABEV3,A
1748000928,929,76,56,159.66,BBDC4,B
1748000929,930,61,7,20.42,ABEV3,A
1748000930,931,57,17,135.98,ABEV3,A
1748000931,932,49,7,43.41,BBDC4,A
1748000932,933,14,76,168.28,BBDC4,A
1748000933,934,9,94,158.12,VALE3,B
1748000934,935,66,74,28.02,BBDC4,B
1748000935,936,61,68,185.82,PETR4,A
1748000936,937,14,37,153.87,VALE3,A
1748000937,938,38,55,190.95,ABEV3,B
1748000938,939,73,34,11.42,VALE3,B
1748000939,940,22,61,74.3,ABEV3,A
1748000940,941,96,5,175.51,PETR4,A
1748000941,942,83,54,143.04,VALE3,B
1748000942,943,5,62,45.41,ABEV3,A
1748000943,944,23,50,87.99,PETR4,A
1748000944,945,73,33,86.08,ITUB4,B
1748000945,946,82,48,175.75,BBDC4,B
1748000946,947,37,52,45.79,VALE3,A
1748000947,948,73,18,53.33,PETR4,B
1748000948,949,56,73,42.7,PETR4,A
1748000949,950,97,47,177.91,PETR4,A
1748000950,951,31,44,100.58,BBDC4,A
1748000951,952,88,82,26.84,PETR4,A
1748000952,953,11,15,160.18,PETR4,B
1748000953,954,25,36,56.94,PETR4,A
1748000954,955,11,54,62.15,ABEV3,B
1748000955,956,67,0,0.0,PETR4,B
1748000956,957,33,79,115.53,ABEV3,B
1748000957,958,41,35,198.81,ITUB4,B
1748000958,959,79,14,17.14,ITUB4,A
1748000959,960,27,41,92.31,VALE3,A
1748000960,961,64,15,198.34,BBDC4,B
1748000961,962,53,69,139.68,VALE3,A
1748000962,963,91,42,117.43,VALE3,A
1748000963,964,51,-5,-1.0,ITUB4,A
1748000964,965,29,47,180.36,VALE3,B
1748000965,966,53,19,175.58,ITUB4,A
1748000966,967,79,96,52.85,VALE3,B
1748000967,968,64,2,44.45,VALE3,A
1748000968,969,56,38,40.07,VALE3,B
1748000969,970,86,72,190.68,ABEV3,B
1748000970,971,90,53,104.57,ABEV3,B
1748000971,972,23,12,80.73,BBDC4,B
1748000972,973,19,54,99.95,VALE3,A
1748000973,974,98,65,180.68,VALE3,A
1748000974,975,47,71,184.64,BBDC4,B
1748000975,976,23,65,156.83,BBDC4,B
1748000976,977,37,26,110.63,ABEV3,A
1748000977,978,3,37,139.4,ITUB4,B
1748000978,979,78,23,118.69,PETR4,A
1748000979,980,68,76,86.64,ITUB4,B
1748000980,981,98,41,126.09,BBDC4,A
1748000981,982,74,38,197.04,ABEV3,B
1748000982,983,68,25,170.89,BBDC4,B
1748000983,984,30,60,157.45,BBDC4,B
1748000984,985,69,9,76.84,ITUB4,B
1748000985,986,13,9,126.25,ITUB4,A
1748000986,987,89,9,40.67,PETR4,B
1748000987,988,76,80,40.15,VALE3,B
1748000988,989,58,87,190.97,PETR4,B
1748000989,990,42,93,51.69,ABEV3,B
1748000990,991,67,17,198.94,VALE3,A
1748000991,992,10,27,76.17,ABEV3,B
1748000992,993,64,4,125.43,VALE3,A
1748000993,994,12,91,64.88,VALE3,B
1748000994,995,56,47,25.46,VALE3,B
1748000995,996,76,100,151.79,PETR4,A
1748000996,997,11,-5,-1.0,PETR4,B
1748000997,998,9,37,189.12,ABEV3,A
1748000998,999,18,68,123.66,ITUB4,B
1748000999,1000,78,51,188.36,ABEV3,A
